Iter;Phase;Start_UTC;Ende_UTC;Ist_s;Abw_ms;Mbps;Retransmits;PingAvg_ms;PingMin_ms;PingMax_ms;PingLoss_pct;CpuAvg_pct;CpuMax_pct
1;IDLE_PRE;2026-09-29T10:56:31;2026-09-29T10:57:31;60.018;17.8;--;--;-1;-1;-1;100;--;--
1;DOWNLOAD;2026-09-29T10:57:35;2026-09-29T10:58:36;60.702;4617.5;n/a;n/a;-1;-1;-1;100;4.2;17.9
1;IDLE_POST;2026-09-29T10:58:39;2026-09-29T10:59:31;52.397;0;--;--;-1;-1;-1;100;--;--
2;IDLE_PRE;2026-09-29T10:59:46;2026-09-29T11:00:46;60;0.1;--;--;-1;-1;-1;100;--;--
2;DOWNLOAD;2026-09-29T11:00:51;2026-09-29T11:01:51;60.539;4545.5;n/a;n/a;-1;-1;-1;100;4.9;15.2
2;IDLE_POST;2026-09-29T11:01:56;2026-09-29T11:02:46;50.919;0.6;--;--;-1;-1;-1;100;--;--
3;IDLE_PRE;2026-09-29T11:03:03;2026-09-29T11:04:03;60.001;0.7;--;--;-1;-1;-1;100;--;--
3;DOWNLOAD;2026-09-29T11:04:06;2026-09-29T11:05:07;60.576;3815.2;n/a;n/a;-1;-1;-1;100;11.4;34.2
3;IDLE_POST;2026-09-29T11:05:11;2026-09-29T11:06:03;51.78;0.1;--;--;-1;-1;-1;100;--;--
4;IDLE_PRE;2026-09-29T11:06:18;2026-09-29T11:07:18;60;0.4;--;--;-1;-1;-1;100;--;--
4;DOWNLOAD;2026-09-29T11:07:22;2026-09-29T11:08:23;60.563;4444.3;n/a;n/a;-1;-1;-1;100;13;49.8
4;IDLE_POST;2026-09-29T11:08:27;2026-09-29T11:09:18;51.073;0.5;--;--;-1;-1;-1;100;--;--
5;IDLE_PRE;2026-09-29T11:09:34;2026-09-29T11:10:34;60;0.1;--;--;-1;-1;-1;100;--;--
5;DOWNLOAD;2026-09-29T11:10:38;2026-09-29T11:11:38;60.552;4087.4;n/a;n/a;-1;-1;-1;100;5.7;22.4
5;IDLE_POST;2026-09-29T11:11:43;2026-09-29T11:12:34;51.468;0.6;--;--;-1;-1;-1;100;--;--
6;IDLE_PRE;2026-09-29T11:12:50;2026-09-29T11:13:50;60.001;0.6;--;--;-1;-1;-1;100;--;--
6;DOWNLOAD;2026-09-29T11:13:54;2026-09-29T11:14:54;60.54;4242.6;n/a;n/a;-1;-1;-1;100;5.1;13.1
6;IDLE_POST;2026-09-29T11:14:59;2026-09-29T11:15:50;51.164;0.1;--;--;-1;-1;-1;100;--;--
7;IDLE_PRE;2026-09-29T11:16:06;2026-09-29T11:17:06;60;0.1;--;--;-1;-1;-1;100;--;--
7;DOWNLOAD;2026-09-29T11:17:10;2026-09-29T11:18:10;60.556;4623.6;n/a;n/a;-1;-1;-1;100;5.1;14.3
7;IDLE_POST;2026-09-29T11:18:15;2026-09-29T11:19:06;50.92;0.2;--;--;-1;-1;-1;100;--;--
8;IDLE_PRE;2026-09-29T11:19:21;2026-09-29T11:20:21;60;0.3;--;--;-1;-1;-1;100;--;--
8;DOWNLOAD;2026-09-29T11:20:25;2026-09-29T11:21:25;60.543;4011.2;n/a;n/a;-1;-1;-1;100;4.2;13.9
8;IDLE_POST;2026-09-29T11:21:30;2026-09-29T11:22:21;51.54;0.5;--;--;-1;-1;-1;100;--;--
9;IDLE_PRE;2026-09-29T11:22:37;2026-09-29T11:23:37;60;0.1;--;--;-1;-1;-1;100;--;--
9;DOWNLOAD;2026-09-29T11:23:41;2026-09-29T11:24:41;60.569;4638.3;n/a;n/a;-1;-1;-1;100;5.4;16
9;IDLE_POST;2026-09-29T11:24:46;2026-09-29T11:25:37;50.96;0.5;--;--;-1;-1;-1;100;--;--
10;IDLE_PRE;2026-09-29T11:25:54;2026-09-29T11:26:54;60.001;0.7;--;--;-1;-1;-1;100;--;--
10;DOWNLOAD;2026-09-29T11:26:57;2026-09-29T11:27:57;60.59;3851.4;n/a;n/a;-1;-1;-1;100;2.2;5.3
10;IDLE_POST;2026-09-29T11:28:02;2026-09-29T11:28:54;51.716;0.6;--;--;-1;-1;-1;100;--;--
