Iter;Phase;Start;Ende;Ist_s;Soll_s;ExitCode;Score;FPS;TempAvg_C;TempMax_C;GpuPowerAvg_W;GpuPowerMax_W;CpuAvg_pct;CpuMax_pct;GpuEvents
1;FURMARK;2026-09-29T14:41:35;2026-09-29T14:44:43;187.74;180;0;951;n/a;n/a;n/a;n/a;n/a;--;--;0
2;FURMARK;2026-09-29T14:46:43;2026-09-29T14:49:50;187.64;180;0;938;n/a;n/a;n/a;n/a;n/a;--;--;0
3;FURMARK;2026-09-29T14:51:50;2026-09-29T14:54:58;187.75;180;0;957;n/a;n/a;n/a;n/a;n/a;--;--;0
4;FURMARK;2026-09-29T14:56:58;2026-09-29T15:00:06;187.65;180;0;976;n/a;n/a;n/a;n/a;n/a;--;--;0
5;FURMARK;2026-09-29T15:02:06;2026-09-29T15:05:13;187.62;180;0;963;n/a;n/a;n/a;n/a;n/a;--;--;0
6;FURMARK;2026-09-29T15:07:13;2026-09-29T15:10:21;187.62;180;0;959;n/a;n/a;n/a;n/a;n/a;--;--;0
7;FURMARK;2026-09-29T15:12:21;2026-09-29T15:15:29;187.61;180;0;948;n/a;n/a;n/a;n/a;n/a;--;--;0
8;FURMARK;2026-09-29T15:17:29;2026-09-29T15:20:36;187.61;180;0;972;n/a;n/a;n/a;n/a;n/a;--;--;0
9;FURMARK;2026-09-29T15:22:36;2026-09-29T15:25:44;187.48;180;0;962;n/a;n/a;n/a;n/a;n/a;--;--;0
10;FURMARK;2026-09-29T15:27:44;2026-09-29T15:30:51;187.6;180;0;961;n/a;n/a;n/a;n/a;n/a;--;--;0
